runnum, segnum, evtnum, avex, avey, avez, aveE
34, 34, 6006, -9.411927, 16.756651, 81.329822, 131.620170
