runnum, segnum, evtnum, avex, avey, avez, aveE
0, 0, 5655, 15.965460, -0.872796, 7.943024, 128.590674
