runnum, segnum, evtnum, avex, avey, avez, aveE
22, 22, 7020, -9.129142, 14.572618, 48.278601, 131.679052
