runnum, segnum, evtnum, avex, avey, avez, aveE
1, 1, 5265, 8.803019, -13.405739, 8.189113, 131.242018
