runnum, segnum, evtnum, avex, avey, avez, aveE
27, 27, 9438, -19.175256, 1.512962, 66.845427, 131.736251
