runnum, segnum, evtnum, avex, avey, avez, aveE
16, 16, 5967, -8.732598, 13.319320, 32.280174, 131.487723
