runnum, segnum, evtnum, avex, avey, avez, aveE
30, 30, 6435, 20.147650, -1.118562, 81.753887, 131.851314
