runnum, segnum, evtnum, avex, avey, avez, aveE
20, 20, 7020, -8.799949, -14.861513, 48.081905, 131.830569
