runnum, segnum, evtnum, avex, avey, avez, aveE
4, 4, 4732, -6.776449, 13.505732, 7.261891, 131.287245
