runnum, segnum, evtnum, avex, avey, avez, aveE
19, 19, 7254, 11.399620, -14.125086, 48.411511, 131.809578
