runnum, segnum, evtnum, avex, avey, avez, aveE
8, 8, 4056, -8.484605, -13.283528, 18.442623, 131.642845
