runnum, segnum, evtnum, avex, avey, avez, aveE
6, 6, 4147, 18.392620, -0.100284, 18.790349, 131.837818
