runnum, segnum, evtnum, avex, avey, avez, aveE
20, 20, 7020, -9.347145, -14.465762, 48.071404, 126.189614
