runnum, segnum, evtnum, avex, avey, avez, aveE
7, 7, 4212, 10.118421, -13.164225, 18.773432, 131.600927
