runnum, segnum, evtnum, avex, avey, avez, aveE
32, 32, 6240, -11.283152, -15.630939, 81.473781, 131.955034
