runnum, segnum, evtnum, avex, avey, avez, aveE
28, 28, 9438, -8.523257, 16.210042, 67.103241, 131.741518
