runnum, segnum, evtnum, avex, avey, avez, aveE
2, 2, 4732, -8.171833, -12.575543, 7.344579, 130.046317
