runnum, segnum, evtnum, avex, avey, avez, aveE
3, 3, 4732, -14.482039, 0.814617, 6.992593, 128.092787
