runnum, segnum, evtnum, avex, avey, avez, aveE
29, 29, 9724, 11.141226, 15.565463, 66.129505, 131.673454
