runnum, segnum, evtnum, avex, avey, avez, aveE
22, 22, 7020, -8.995339, 14.453878, 48.297532, 126.425419
