runnum, segnum, evtnum, avex, avey, avez, aveE
9, 9, 3900, -16.499427, 1.150777, 18.182491, 131.635778
