runnum, segnum, evtnum, avex, avey, avez, aveE
34, 34, 6006, -9.567916, 16.640987, 81.239466, 131.590737
