runnum, segnum, evtnum, avex, avey, avez, aveE
25, 25, 9724, 10.611801, -15.104165, 66.665875, 131.493381
