runnum, segnum, evtnum, avex, avey, avez, aveE
14, 14, 5824, -8.748916, -13.644667, 32.229038, 131.578642
