runnum, segnum, evtnum, avex, avey, avez, aveE
3, 3, 4732, -14.441435, 0.780467, 7.153671, 129.157699
