runnum, segnum, evtnum, avex, avey, avez, aveE
7, 7, 4212, 9.786699, -13.223125, 18.584748, 131.516064
