runnum, segnum, evtnum, avex, avey, avez, aveE
2, 2, 4732, -8.175020, -12.862757, 7.413275, 131.291286
