runnum, segnum, evtnum, avex, avey, avez, aveE
27, 27, 9438, -19.237008, 1.191584, 66.860543, 131.724705
