runnum, segnum, evtnum, avex, avey, avez, aveE
6, 6, 4147, 18.271664, 0.218245, 18.787803, 129.048667
