runnum, segnum, evtnum, avex, avey, avez, aveE
32, 32, 6240, -11.198655, -15.739474, 81.547198, 131.980669
