runnum, segnum, evtnum, avex, avey, avez, aveE
7, 7, 4212, 10.132893, -13.115671, 18.621768, 131.523043
