runnum, segnum, evtnum, avex, avey, avez, aveE
6, 6, 4147, 18.488708, 1.753912, 18.757449, 131.867836
