runnum, segnum, evtnum, avex, avey, avez, aveE
1, 1, 5265, 8.464349, -13.739344, 7.897606, 131.241752
