runnum, segnum, evtnum, avex, avey, avez, aveE
31, 31, 6435, 10.473680, -16.572234, 81.225586, 131.933075
