runnum, segnum, evtnum, avex, avey, avez, aveE
27, 27, 9438, -19.258210, 1.159182, 66.916565, 131.704736
