runnum, segnum, evtnum, avex, avey, avez, aveE
2, 2, 4732, -8.427486, -12.856913, 7.881509, 131.352606
