runnum, segnum, evtnum, avex, avey, avez, aveE
12, 12, 6240, 18.893311, -0.541561, 32.442755, 131.618595
