runnum, segnum, evtnum, avex, avey, avez, aveE
27, 27, 9438, -19.103499, 0.952070, 66.928889, 127.164356
