runnum, segnum, evtnum, avex, avey, avez, aveE
12, 12, 6240, 18.673515, -0.313237, 32.482530, 127.256607
