runnum, segnum, evtnum, avex, avey, avez, aveE
29, 29, 9724, 11.769628, 15.215474, 66.365979, 128.037947
