runnum, segnum, evtnum, avex, avey, avez, aveE
10, 10, 3900, -7.929733, 13.091738, 18.654930, 127.345812
