runnum, segnum, evtnum, avex, avey, avez, aveE
30, 30, 6435, 20.166888, -1.040847, 81.766931, 131.835933
