runnum, segnum, evtnum, avex, avey, avez, aveE
26, 26, 9724, -9.928872, -15.252142, 66.685883, 131.607849
