runnum, segnum, evtnum, avex, avey, avez, aveE
22, 22, 7020, -9.846310, 14.244603, 48.198157, 131.708615
