runnum, segnum, evtnum, avex, avey, avez, aveE
14, 14, 5824, -7.430085, -14.619889, 32.200958, 131.619626
