runnum, segnum, evtnum, avex, avey, avez, aveE
9, 9, 3900, -16.423908, 0.947914, 17.995692, 131.689403
