runnum, segnum, evtnum, avex, avey, avez, aveE
31, 31, 6435, 10.262830, -16.720261, 81.120254, 131.953450
