runnum, segnum, evtnum, avex, avey, avez, aveE
5, 5, 5460, 9.615216, 12.727717, 7.872802, 131.205760
