runnum, segnum, evtnum, avex, avey, avez, aveE
8, 8, 4056, -7.694425, -13.822103, 18.400895, 131.698636
