runnum, segnum, evtnum, avex, avey, avez, aveE
8, 8, 4056, -7.032092, -14.318625, 18.504364, 131.743179
