runnum, segnum, evtnum, avex, avey, avez, aveE
23, 23, 7488, 11.217552, 14.774783, 48.343220, 131.797148
