runnum, segnum, evtnum, avex, avey, avez, aveE
2, 2, 4732, -8.087650, -12.723764, 7.327445, 131.290980
