runnum, segnum, evtnum, avex, avey, avez, aveE
25, 25, 9724, 10.580046, -15.112551, 66.647645, 131.519584
