runnum, segnum, evtnum, avex, avey, avez, aveE
13, 13, 6032, 10.097994, -14.131993, 32.456637, 131.579736
