runnum, segnum, evtnum, avex, avey, avez, aveE
27, 27, 9438, -19.185434, 1.202634, 66.833628, 131.747053
