runnum, segnum, evtnum, avex, avey, avez, aveE
35, 35, 6435, 11.079051, 16.573076, 81.611352, 131.779048
