runnum, segnum, evtnum, avex, avey, avez, aveE
33, 33, 6435, -19.998962, 1.179604, 82.031371, 131.936602
