runnum, segnum, evtnum, avex, avey, avez, aveE
25, 25, 9724, 10.520843, -15.023766, 66.732046, 126.236428
