runnum, segnum, evtnum, avex, avey, avez, aveE
19, 19, 7254, 11.542867, -14.026593, 48.335380, 131.825183
