runnum, segnum, evtnum, avex, avey, avez, aveE
10, 10, 3900, -7.432375, 13.384582, 18.673817, 131.586661
