runnum, segnum, evtnum, avex, avey, avez, aveE
25, 25, 9724, 10.658152, -15.058195, 66.475510, 131.550113
