runnum, segnum, evtnum, avex, avey, avez, aveE
24, 24, 10010, 19.327243, -0.831838, 66.262840, 131.490400
