runnum, segnum, evtnum, avex, avey, avez, aveE
12, 12, 6240, 18.896883, -0.570067, 32.468029, 131.684677
