runnum, segnum, evtnum, avex, avey, avez, aveE
3, 3, 4732, -14.573259, 0.824994, 7.009456, 130.997724
