runnum, segnum, evtnum, avex, avey, avez, aveE
34, 34, 6006, -9.883623, 16.380528, 81.579286, 130.039411
