runnum, segnum, evtnum, avex, avey, avez, aveE
24, 24, 10010, 19.278079, -0.925451, 66.234362, 131.519555
