runnum, segnum, evtnum, avex, avey, avez, aveE
15, 15, 5967, -16.846142, 0.834668, 32.139391, 125.429709
