runnum, segnum, evtnum, avex, avey, avez, aveE
33, 33, 6435, -19.962158, 1.306210, 81.734049, 131.898789
