runnum, segnum, evtnum, avex, avey, avez, aveE
14, 14, 5824, -7.892368, -13.980177, 32.300091, 125.072761
