runnum, segnum, evtnum, avex, avey, avez, aveE
28, 28, 9438, -8.611074, 16.142508, 67.184483, 131.698578
