runnum, segnum, evtnum, avex, avey, avez, aveE
18, 18, 7722, 19.121503, 0.618795, 47.643988, 125.090506
