runnum, segnum, evtnum, avex, avey, avez, aveE
6, 6, 4147, 18.273697, 0.091700, 18.762414, 126.467160
