runnum, segnum, evtnum, avex, avey, avez, aveE
29, 29, 9724, 11.567628, 15.295138, 66.276239, 131.676673
