runnum, segnum, evtnum, avex, avey, avez, aveE
29, 29, 9724, 11.001683, 15.661710, 66.231672, 131.689656
