runnum, segnum, evtnum, avex, avey, avez, aveE
25, 25, 9724, 10.575365, -15.114881, 66.655962, 131.499839
