runnum, segnum, evtnum, avex, avey, avez, aveE
28, 28, 9438, -8.401376, 16.175588, 67.088779, 125.392720
