runnum, segnum, evtnum, avex, avey, avez, aveE
12, 12, 6240, 18.613204, -0.201966, 32.471024, 128.463572
