runnum, segnum, evtnum, avex, avey, avez, aveE
1, 1, 5265, 8.579464, -13.494950, 7.487299, 129.625516
