runnum, segnum, evtnum, avex, avey, avez, aveE
9, 9, 3900, -16.352464, 1.077854, 18.205212, 126.408560
