runnum, segnum, evtnum, avex, avey, avez, aveE
35, 35, 6435, 11.183470, 16.437974, 81.660988, 131.799075
