runnum, segnum, evtnum, avex, avey, avez, aveE
19, 19, 7254, 11.386691, -14.144037, 48.404698, 131.787960
