runnum, segnum, evtnum, avex, avey, avez, aveE
9, 9, 3900, -16.449028, 0.992281, 18.073600, 131.690776
