runnum, segnum, evtnum, avex, avey, avez, aveE
7, 7, 4212, 10.085443, -13.156447, 18.610016, 131.546543
