runnum, segnum, evtnum, avex, avey, avez, aveE
1, 1, 5265, 8.995800, -13.523709, 8.330945, 131.233660
