runnum, segnum, evtnum, avex, avey, avez, aveE
23, 23, 7488, 11.267689, 14.730040, 48.441288, 125.215679
