runnum, segnum, evtnum, avex, avey, avez, aveE
15, 15, 5967, -16.779491, 1.151436, 32.050656, 127.343601
