runnum, segnum, evtnum, avex, avey, avez, aveE
11, 11, 4212, 11.234368, 12.851349, 18.478222, 131.747901
