runnum, segnum, evtnum, avex, avey, avez, aveE
31, 31, 6435, 10.600057, -16.477888, 81.408692, 130.267061
