runnum, segnum, evtnum, avex, avey, avez, aveE
10, 10, 3900, -8.803138, 12.846961, 18.709087, 131.626821
