runnum, segnum, evtnum, avex, avey, avez, aveE
31, 31, 6435, 9.846722, -16.960052, 81.266511, 131.961768
