runnum, segnum, evtnum, avex, avey, avez, aveE
13, 13, 6032, 9.943519, -14.208399, 32.453631, 131.671721
