runnum, segnum, evtnum, avex, avey, avez, aveE
4, 4, 4732, -6.892073, 13.222137, 6.832664, 129.015372
