runnum, segnum, evtnum, avex, avey, avez, aveE
9, 9, 3900, -16.502573, 1.180394, 18.184126, 131.630557
