runnum, segnum, evtnum, avex, avey, avez, aveE
2, 2, 4732, -9.048270, -13.594734, 7.895505, 130.918533
