runnum, segnum, evtnum, avex, avey, avez, aveE
21, 21, 7020, -18.177866, 1.241040, 48.675103, 125.390527
