runnum, segnum, evtnum, avex, avey, avez, aveE
15, 15, 5967, -17.099265, 0.143954, 32.021518, 131.582102
