runnum, segnum, evtnum, avex, avey, avez, aveE
1, 1, 5265, 8.595145, -13.508409, 7.862469, 130.323147
