runnum, segnum, evtnum, avex, avey, avez, aveE
5, 5, 5460, 9.894782, 12.876717, 8.233959, 131.245914
