runnum, segnum, evtnum, avex, avey, avez, aveE
32, 32, 6240, -10.827372, -16.050264, 81.568579, 132.036359
