runnum, segnum, evtnum, avex, avey, avez, aveE
16, 16, 5967, -7.821026, 13.781013, 32.512456, 131.438844
