runnum, segnum, evtnum, avex, avey, avez, aveE
26, 26, 9724, -8.992109, -15.880544, 66.429149, 131.722568
