runnum, segnum, evtnum, avex, avey, avez, aveE
18, 18, 7722, 19.175062, 0.813029, 47.718297, 131.943733
