runnum, segnum, evtnum, avex, avey, avez, aveE
33, 33, 6435, -19.985616, 1.177857, 81.880389, 131.917407
