runnum, segnum, evtnum, avex, avey, avez, aveE
1, 1, 5265, 9.216125, -13.489317, 8.416739, 131.235225
