runnum, segnum, evtnum, avex, avey, avez, aveE
31, 31, 6435, 10.468929, -16.562782, 81.168400, 131.909906
