runnum, segnum, evtnum, avex, avey, avez, aveE
10, 10, 3900, -8.057184, 13.126093, 18.628677, 131.610254
