runnum, segnum, evtnum, avex, avey, avez, aveE
35, 35, 6435, 11.475018, 16.302320, 81.627586, 129.669727
