runnum, segnum, evtnum, avex, avey, avez, aveE
14, 14, 5824, -7.291426, -14.615088, 32.240517, 131.687168
