runnum, segnum, evtnum, avex, avey, avez, aveE
30, 30, 6435, 20.097568, -0.688644, 82.118244, 127.409302
