runnum, segnum, evtnum, avex, avey, avez, aveE
4, 4, 4732, -6.755234, 13.401575, 7.208101, 131.284845
