runnum, segnum, evtnum, avex, avey, avez, aveE
17, 17, 6409, 9.797998, 14.387019, 31.926504, 131.534424
