runnum, segnum, evtnum, avex, avey, avez, aveE
13, 13, 6032, 9.885603, -14.250811, 32.454830, 131.605467
