runnum, segnum, evtnum, avex, avey, avez, aveE
34, 34, 6006, -9.656456, 16.780176, 81.557180, 131.668628
