runnum, segnum, evtnum, avex, avey, avez, aveE
35, 35, 6435, 11.184924, 16.414081, 81.617635, 131.796642
