runnum, segnum, evtnum, avex, avey, avez, aveE
18, 18, 7722, 19.200774, 0.663613, 47.705659, 131.924972
