runnum, segnum, evtnum, avex, avey, avez, aveE
16, 16, 5967, -7.743755, 13.852560, 32.527436, 131.446096
