runnum, segnum, evtnum, avex, avey, avez, aveE
19, 19, 7254, 11.598581, -14.012987, 48.382162, 131.836086
