runnum, segnum, evtnum, avex, avey, avez, aveE
15, 15, 5967, -17.073068, 0.967957, 31.950709, 131.564794
