runnum, segnum, evtnum, avex, avey, avez, aveE
24, 24, 10010, 19.226893, -0.566534, 66.322589, 125.266776
