runnum, segnum, evtnum, avex, avey, avez, aveE
11, 11, 4212, 11.357926, 12.717882, 18.536987, 128.453398
