runnum, segnum, evtnum, avex, avey, avez, aveE
11, 11, 4212, 11.106495, 12.948314, 18.474906, 131.736596
