runnum, segnum, evtnum, avex, avey, avez, aveE
7, 7, 4212, 10.116986, -13.007948, 18.591746, 131.561594
