runnum, segnum, evtnum, avex, avey, avez, aveE
10, 10, 3900, -7.520561, 13.341794, 18.668191, 131.584457
