runnum, segnum, evtnum, avex, avey, avez, aveE
33, 33, 6435, -20.003136, 0.988141, 81.912193, 131.925621
