runnum, segnum, evtnum, avex, avey, avez, aveE
17, 17, 6409, 10.778227, 13.773596, 32.040884, 131.523045
