runnum, segnum, evtnum, avex, avey, avez, aveE
14, 14, 5824, -8.347834, -13.876554, 32.228751, 131.591940
