runnum, segnum, evtnum, avex, avey, avez, aveE
3, 3, 4732, -14.839687, 0.376346, 7.444784, 130.956755
