runnum, segnum, evtnum, avex, avey, avez, aveE
32, 32, 6240, -10.718162, -16.151689, 81.587191, 132.077623
