runnum, segnum, evtnum, avex, avey, avez, aveE
15, 15, 100, 16.057142, 1.565851, 36.498805, -185.493886
