runnum, segnum, evtnum, avex, avey, avez, aveE
20, 20, 7020, -8.837440, -15.000946, 47.921331, 131.868336
