runnum, segnum, evtnum, avex, avey, avez, aveE
6, 6, 4147, 18.474431, 1.268326, 18.771033, 131.865608
