runnum, segnum, evtnum, avex, avey, avez, aveE
28, 28, 9438, -8.526489, 16.200218, 67.076796, 131.735921
