runnum, segnum, evtnum, avex, avey, avez, aveE
21, 21, 7020, -18.441931, 0.141623, 48.542011, 131.835780
