runnum, segnum, evtnum, avex, avey, avez, aveE
2, 2, 4732, -8.158318, -12.764250, 7.369577, 131.292357
