runnum, segnum, evtnum, avex, avey, avez, aveE
26, 26, 9724, -9.815118, -15.227258, 66.656393, 127.280000
