runnum, segnum, evtnum, avex, avey, avez, aveE
11, 11, 4212, 11.727136, 12.682561, 18.512952, 131.813198
