runnum, segnum, evtnum, avex, avey, avez, aveE
16, 16, 5967, -7.834771, 13.522334, 32.334488, 125.769207
