runnum, segnum, evtnum, avex, avey, avez, aveE
20, 20, 7020, -8.317424, -15.416039, 48.050954, 131.962398
