runnum, segnum, evtnum, avex, avey, avez, aveE
10, 10, 3900, -7.790010, 13.180570, 18.516180, 124.727051
