runnum, segnum, evtnum, avex, avey, avez, aveE
19, 19, 7254, 11.168791, -14.322989, 48.356347, 131.850196
