runnum, segnum, evtnum, avex, avey, avez, aveE
33, 33, 6435, -19.973759, 1.260115, 81.795475, 131.897666
