runnum, segnum, evtnum, avex, avey, avez, aveE
15, 15, 5967, -17.048637, 0.929895, 31.926039, 131.553342
