runnum, segnum, evtnum, avex, avey, avez, aveE
10, 10, 3900, -7.979819, 13.054326, 18.617016, 131.614224
