runnum, segnum, evtnum, avex, avey, avez, aveE
15, 15, 5967, -17.075325, 0.141976, 31.940600, 131.566016
