runnum, segnum, evtnum, avex, avey, avez, aveE
27, 27, 9438, -19.156791, 0.801585, 66.995175, 124.766370
