runnum, segnum, evtnum, avex, avey, avez, aveE
27, 27, 9438, -19.189638, 1.391307, 66.784161, 131.732135
