runnum, segnum, evtnum, avex, avey, avez, aveE
22, 22, 7020, -9.059953, 14.635990, 48.300732, 131.696776
