runnum, segnum, evtnum, avex, avey, avez, aveE
17, 17, 6409, 11.588740, 13.232615, 32.183838, 126.970911
