runnum, segnum, evtnum, avex, avey, avez, aveE
0, 0, 5655, 16.363791, -1.081967, 8.573590, 130.903631
