runnum, segnum, evtnum, avex, avey, avez, aveE
29, 29, 9724, 11.572716, 15.290084, 66.273232, 131.666177
