runnum, segnum, evtnum, avex, avey, avez, aveE
10, 10, 3900, -7.565861, 13.362324, 18.686850, 131.568430
