runnum, segnum, evtnum, avex, avey, avez, aveE
35, 35, 6435, 11.201442, 16.471340, 81.513896, 131.808946
