runnum, segnum, evtnum, avex, avey, avez, aveE
18, 18, 7722, 19.175277, 0.813674, 47.698146, 131.920543
