runnum, segnum, evtnum, avex, avey, avez, aveE
17, 17, 6409, 11.180821, 13.514652, 32.026296, 131.504464
