runnum, segnum, evtnum, avex, avey, avez, aveE
34, 34, 6006, -10.029131, 16.556351, 81.356635, 131.655587
