runnum, segnum, evtnum, avex, avey, avez, aveE
24, 24, 10010, 19.281185, -0.925891, 66.247672, 131.524304
