runnum, segnum, evtnum, avex, avey, avez, aveE
13, 13, 6032, 10.002704, -14.142252, 32.456054, 131.588434
