runnum, segnum, evtnum, avex, avey, avez, aveE
23, 23, 7488, 11.507963, 14.579483, 48.341532, 131.786049
