runnum, segnum, evtnum, avex, avey, avez, aveE
16, 16, 5967, -7.353858, 13.834609, 32.326575, 124.638042
