runnum, segnum, evtnum, avex, avey, avez, aveE
20, 20, 7020, -9.694088, -14.336139, 48.071471, 131.814442
