runnum, segnum, evtnum, avex, avey, avez, aveE
16, 16, 5967, -9.191184, 13.089474, 32.337216, 131.506110
