runnum, segnum, evtnum, avex, avey, avez, aveE
1, 1, 5265, 8.559246, -13.841898, 8.035342, 131.242097
