runnum, segnum, evtnum, avex, avey, avez, aveE
35, 35, 6435, 11.320369, 16.325440, 81.614692, 131.798682
