runnum, segnum, evtnum, avex, avey, avez, aveE
26, 26, 9724, -9.618769, -15.469365, 66.685541, 131.640550
