runnum, segnum, evtnum, avex, avey, avez, aveE
5, 5, 5460, 10.130254, 13.109651, 8.429984, 131.234535
