runnum, segnum, evtnum, avex, avey, avez, aveE
24, 24, 10010, 19.186874, -0.714344, 66.292097, 126.802509
