runnum, segnum, evtnum, avex, avey, avez, aveE
23, 23, 7488, 11.396017, 14.619835, 48.399313, 128.258507
