runnum, segnum, evtnum, avex, avey, avez, aveE
25, 25, 9724, 10.506749, -15.120457, 66.439680, 131.575064
