runnum, segnum, evtnum, avex, avey, avez, aveE
24, 24, 10010, 19.301096, -0.772433, 66.275513, 131.486389
