runnum, segnum, evtnum, avex, avey, avez, aveE
22, 22, 7020, -10.265952, 14.022718, 48.298223, 131.730884
