runnum, segnum, evtnum, avex, avey, avez, aveE
14, 14, 5824, -8.165357, -13.735983, 32.243017, 126.708145
