runnum, segnum, evtnum, avex, avey, avez, aveE
26, 26, 9724, -9.134408, -15.771393, 66.402439, 131.710975
