runnum, segnum, evtnum, avex, avey, avez, aveE
0, 0, 5655, 16.099482, -1.016575, 8.221180, 130.854575
