runnum, segnum, evtnum, avex, avey, avez, aveE
13, 13, 6032, 10.416864, -13.683995, 32.570336, 126.345622
