runnum, segnum, evtnum, avex, avey, avez, aveE
28, 28, 9438, -8.529791, 16.194162, 67.109280, 131.736528
