runnum, segnum, evtnum, avex, avey, avez, aveE
23, 23, 7488, 11.407617, 14.622687, 48.344848, 131.784842
