runnum, segnum, evtnum, avex, avey, avez, aveE
34, 34, 6006, -9.896134, 16.627548, 81.309094, 131.639384
