runnum, segnum, evtnum, avex, avey, avez, aveE
3, 3, 4732, -15.339082, 0.408231, 8.060458, 130.997997
