runnum, segnum, evtnum, avex, avey, avez, aveE
5, 5, 5460, 9.343841, 12.719067, 7.733866, 127.993232
