runnum, segnum, evtnum, avex, avey, avez, aveE
12, 12, 6240, 18.884280, -0.416456, 32.458621, 131.673741
