runnum, segnum, evtnum, avex, avey, avez, aveE
0, 0, 5655, 15.910803, -0.978167, 8.113186, 130.882980
