runnum, segnum, evtnum, avex, avey, avez, aveE
15, 15, 5967, -17.084554, -0.403415, 31.940371, 131.604204
