runnum, segnum, evtnum, avex, avey, avez, aveE
0, 0, 5655, 17.114697, -1.104215, 9.177724, 130.871916
