runnum, segnum, evtnum, avex, avey, avez, aveE
12, 12, 6240, 18.873073, -0.451727, 32.397250, 131.629226
