runnum, segnum, evtnum, avex, avey, avez, aveE
29, 29, 9724, 11.715492, 15.207440, 66.289432, 131.662787
