runnum, segnum, evtnum, avex, avey, avez, aveE
18, 18, 7722, 19.197224, 0.688007, 47.697360, 131.910600
