runnum, segnum, evtnum, avex, avey, avez, aveE
21, 21, 7020, -18.382089, 1.798258, 48.612604, 131.722681
