runnum, segnum, evtnum, avex, avey, avez, aveE
20, 20, 7020, -8.934372, -15.035774, 47.980834, 131.840507
