runnum, segnum, evtnum, avex, avey, avez, aveE
31, 31, 6435, 10.500271, -16.546534, 81.191051, 131.920235
