runnum, segnum, evtnum, avex, avey, avez, aveE
26, 26, 9724, -9.628114, -15.465032, 66.684979, 131.624359
