runnum, segnum, evtnum, avex, avey, avez, aveE
32, 32, 6240, -11.111754, -15.753323, 81.766186, 128.114154
