runnum, segnum, evtnum, avex, avey, avez, aveE
8, 8, 4056, -8.618209, -13.060523, 18.456141, 128.005330
