runnum, segnum, evtnum, avex, avey, avez, aveE
4, 4, 4732, -7.031655, 13.213284, 7.230180, 130.101072
