runnum, segnum, evtnum, avex, avey, avez, aveE
2, 2, 4732, -8.094785, -12.599823, 7.056795, 128.252251
