runnum, segnum, evtnum, avex, avey, avez, aveE
25, 25, 9724, 10.616463, -15.074879, 66.552602, 131.588344
