runnum, segnum, evtnum, avex, avey, avez, aveE
33, 33, 6435, -19.908010, 1.224524, 82.056064, 130.216033
