runnum, segnum, evtnum, avex, avey, avez, aveE
34, 34, 6006, -9.466102, 16.739407, 81.300619, 131.603465
