runnum, segnum, evtnum, avex, avey, avez, aveE
22, 22, 7020, -8.506635, 14.777294, 48.307936, 124.840929
