runnum, segnum, evtnum, avex, avey, avez, aveE
13, 13, 6032, 10.575866, -13.818735, 32.478916, 131.652591
