runnum, segnum, evtnum, avex, avey, avez, aveE
19, 19, 7254, 11.414344, -13.967643, 48.438801, 125.032675
