runnum, segnum, evtnum, avex, avey, avez, aveE
22, 22, 7020, -9.901972, 14.310884, 48.280250, 131.698519
