runnum, segnum, evtnum, avex, avey, avez, aveE
8, 8, 4056, -8.498710, -13.262758, 18.431842, 131.641718
