runnum, segnum, evtnum, avex, avey, avez, aveE
26, 26, 9724, -9.230555, -15.734648, 66.437490, 131.702589
