runnum, segnum, evtnum, avex, avey, avez, aveE
4, 4, 4732, -6.975102, 13.361127, 7.483918, 131.341682
