runnum, segnum, evtnum, avex, avey, avez, aveE
17, 17, 6409, 9.767210, 14.552718, 31.932697, 131.518549
