runnum, segnum, evtnum, avex, avey, avez, aveE
5, 5, 5460, 9.880128, 12.775538, 7.998177, 131.202217
