runnum, segnum, evtnum, avex, avey, avez, aveE
6, 6, 4147, 18.419142, -0.248938, 18.796287, 131.862875
