runnum, segnum, evtnum, avex, avey, avez, aveE
8, 8, 4056, -8.691950, -13.148745, 18.422119, 131.622966
