runnum, segnum, evtnum, avex, avey, avez, aveE
16, 16, 5967, -8.756647, 13.385328, 32.302643, 131.491658
