runnum, segnum, evtnum, avex, avey, avez, aveE
35, 35, 6435, 11.172395, 16.543349, 81.680145, 131.871588
