runnum, segnum, evtnum, avex, avey, avez, aveE
21, 21, 7020, -18.431078, 1.401575, 48.594862, 131.749557
