runnum, segnum, evtnum, avex, avey, avez, aveE
31, 31, 6435, 10.571475, -16.474315, 81.417210, 128.963931
