runnum, segnum, evtnum, avex, avey, avez, aveE
4, 4, 4732, -6.746853, 13.414020, 7.211094, 131.287078
