runnum, segnum, evtnum, avex, avey, avez, aveE
1, 1, 5265, 8.580100, -13.778466, 8.004315, 131.242560
