runnum, segnum, evtnum, avex, avey, avez, aveE
11, 11, 4212, 12.016665, 12.571226, 18.483338, 131.789320
