runnum, segnum, evtnum, avex, avey, avez, aveE
33, 33, 6435, -19.971727, 1.300999, 81.802630, 131.909827
