runnum, segnum, evtnum, avex, avey, avez, aveE
7, 7, 4212, 10.284524, -12.745296, 18.679597, 127.007672
