runnum, segnum, evtnum, avex, avey, avez, aveE
30, 30, 6435, 20.121434, -1.073159, 81.777615, 131.797350
