runnum, segnum, evtnum, avex, avey, avez, aveE
6, 6, 4147, 18.414212, -0.189809, 18.801506, 131.885263
