runnum, segnum, evtnum, avex, avey, avez, aveE
30, 30, 6435, 20.145810, -1.070438, 81.759517, 131.840004
