runnum, segnum, evtnum, avex, avey, avez, aveE
8, 8, 4056, -8.688554, -13.062087, 18.390959, 124.744298
