runnum, segnum, evtnum, avex, avey, avez, aveE
12, 12, 6240, 18.881864, -0.495898, 32.498829, 131.660208
