runnum, segnum, evtnum, avex, avey, avez, aveE
14, 14, 5824, -8.342010, -13.869969, 32.231200, 131.569138
