runnum, segnum, evtnum, avex, avey, avez, aveE
5, 5, 5460, 9.959794, 13.056570, 8.438696, 131.214012
