runnum, segnum, evtnum, avex, avey, avez, aveE
17, 17, 6409, 10.671886, 13.801434, 32.016498, 131.513038
