runnum, segnum, evtnum, avex, avey, avez, aveE
14, 14, 5824, -7.614147, -14.458274, 32.156702, 131.653347
