runnum, segnum, evtnum, avex, avey, avez, aveE
18, 18, 7722, 19.206622, 0.659085, 47.703028, 131.915054
