runnum, segnum, evtnum, avex, avey, avez, aveE
23, 23, 7488, 11.229146, 14.744040, 48.331772, 131.804156
