runnum, segnum, evtnum, avex, avey, avez, aveE
7, 7, 4212, 9.694562, -13.343084, 18.668884, 131.604459
