runnum, segnum, evtnum, avex, avey, avez, aveE
11, 11, 4212, 11.261556, 12.855367, 18.474605, 131.745759
