runnum, segnum, evtnum, avex, avey, avez, aveE
21, 21, 7020, -18.429108, 0.618563, 48.559029, 131.793787
