runnum, segnum, evtnum, avex, avey, avez, aveE
27, 27, 9438, -19.229777, 1.125158, 66.865264, 131.712579
