runnum, segnum, evtnum, avex, avey, avez, aveE
6, 6, 4147, 18.450944, 1.246262, 18.800936, 131.893457
