runnum, segnum, evtnum, avex, avey, avez, aveE
3, 3, 4732, -14.754535, 0.831268, 7.228182, 130.985132
