runnum, segnum, evtnum, avex, avey, avez, aveE
0, 0, 5655, 16.629436, -1.320467, 8.748366, 130.870328
