runnum, segnum, evtnum, avex, avey, avez, aveE
28, 28, 9438, -8.695492, 16.098801, 67.208232, 131.670530
