runnum, segnum, evtnum, avex, avey, avez, aveE
26, 26, 9724, -9.539989, -15.440974, 66.767427, 124.871003
