runnum, segnum, evtnum, avex, avey, avez, aveE
15, 15, 5967, -17.049200, 1.403785, 31.992852, 131.543941
