runnum, segnum, evtnum, avex, avey, avez, aveE
0, 0, 5655, 15.836230, -1.116525, 8.203338, 129.601523
