runnum, segnum, evtnum, avex, avey, avez, aveE
23, 23, 7488, 11.399280, 14.649313, 48.357759, 131.798702
