runnum, segnum, evtnum, avex, avey, avez, aveE
11, 11, 4212, 11.804503, 12.602873, 18.459011, 131.792880
