runnum, segnum, evtnum, avex, avey, avez, aveE
22, 22, 7020, -8.878637, 14.719697, 48.275773, 131.671342
