runnum, segnum, evtnum, avex, avey, avez, aveE
20, 20, 7020, -8.823231, -14.869994, 48.095601, 131.844120
