runnum, segnum, evtnum, avex, avey, avez, aveE
17, 17, 6409, 11.315595, 13.271820, 32.068743, 128.168497
