runnum, segnum, evtnum, avex, avey, avez, aveE
30, 30, 6435, 20.159656, -0.973747, 81.806178, 131.849043
