runnum, segnum, evtnum, avex, avey, avez, aveE
5, 5, 5460, 9.402494, 12.807324, 7.936695, 129.694774
