runnum, segnum, evtnum, avex, avey, avez, aveE
29, 29, 9724, 11.843845, 15.181344, 66.357844, 126.673614
