runnum, segnum, evtnum, avex, avey, avez, aveE
33, 33, 6435, -19.914586, 1.141235, 82.124292, 128.507272
