runnum, segnum, evtnum, avex, avey, avez, aveE
0, 0, 5655, 16.058384, -1.071944, 8.284748, 130.865367
