runnum, segnum, evtnum, avex, avey, avez, aveE
9, 9, 3900, -16.531112, 1.213614, 18.190725, 131.650254
