runnum, segnum, evtnum, avex, avey, avez, aveE
21, 21, 7020, -18.449264, 0.326508, 48.609438, 131.836319
