runnum, segnum, evtnum, avex, avey, avez, aveE
18, 18, 7722, 19.171641, 0.867538, 47.717490, 131.932380
