runnum, segnum, evtnum, avex, avey, avez, aveE
29, 29, 9724, 11.049010, 15.622706, 66.120244, 131.675425
