runnum, segnum, evtnum, avex, avey, avez, aveE
12, 12, 6240, 18.873561, 0.135756, 32.411862, 131.690575
