runnum, segnum, evtnum, avex, avey, avez, aveE
16, 16, 5967, -7.550811, 13.953057, 32.532925, 131.424780
