runnum, segnum, evtnum, avex, avey, avez, aveE
32, 32, 6240, -11.207169, -15.704775, 81.469022, 131.971454
