runnum, segnum, evtnum, avex, avey, avez, aveE
30, 30, 6435, 20.093256, -0.822899, 82.033328, 129.668197
