runnum, segnum, evtnum, avex, avey, avez, aveE
3, 3, 4732, -14.739906, 0.848695, 7.282419, 130.986782
