runnum, segnum, evtnum, avex, avey, avez, aveE
21, 21, 7020, -18.399733, 1.351331, 48.575781, 131.737363
