runnum, segnum, evtnum, avex, avey, avez, aveE
20, 20, 7020, -9.669966, -14.221163, 48.002505, 127.330209
