runnum, segnum, evtnum, avex, avey, avez, aveE
25, 25, 9724, 10.050667, -15.280944, 66.761805, 125.060258
