runnum, segnum, evtnum, avex, avey, avez, aveE
9, 9, 3900, -16.398070, 1.208821, 18.171901, 124.772056
