runnum, segnum, evtnum, avex, avey, avez, aveE
35, 35, 6435, 11.452237, 16.297801, 81.681950, 127.174425
