runnum, segnum, evtnum, avex, avey, avez, aveE
31, 31, 6435, 10.085784, -16.825959, 81.250767, 131.990049
