runnum, segnum, evtnum, avex, avey, avez, aveE
5, 5, 5460, 9.775593, 12.726148, 7.965993, 131.204719
