runnum, segnum, evtnum, avex, avey, avez, aveE
32, 32, 6240, -11.237122, -15.673872, 81.697850, 130.284454
