runnum, segnum, evtnum, avex, avey, avez, aveE
17, 17, 6409, 9.480262, 14.605373, 32.008941, 131.558921
