runnum, segnum, evtnum, avex, avey, avez, aveE
19, 19, 7254, 11.453236, -14.080700, 48.403726, 131.787318
