runnum, segnum, evtnum, avex, avey, avez, aveE
9, 9, 3900, -16.450639, 0.849524, 18.078125, 131.665551
