runnum, segnum, evtnum, avex, avey, avez, aveE
28, 28, 9438, -8.855669, 15.917694, 67.109954, 127.623510
