runnum, segnum, evtnum, avex, avey, avez, aveE
24, 24, 10010, 19.301752, -0.782336, 66.248108, 131.506567
