runnum, segnum, evtnum, avex, avey, avez, aveE
32, 32, 6240, -10.934256, -15.948651, 81.411605, 132.034025
