runnum, segnum, evtnum, avex, avey, avez, aveE
34, 34, 6006, -10.015222, 16.298019, 81.558276, 128.022413
