runnum, segnum, evtnum, avex, avey, avez, aveE
24, 24, 10010, 19.238881, -0.927838, 66.213773, 131.557107
