runnum, segnum, evtnum, avex, avey, avez, aveE
7, 7, 4212, 10.238141, -12.855797, 18.658833, 126.578040
