runnum, segnum, evtnum, avex, avey, avez, aveE
4, 4, 4732, -7.053368, 13.762565, 7.686868, 131.367513
