runnum, segnum, evtnum, avex, avey, avez, aveE
8, 8, 4056, -7.759583, -13.714711, 18.358739, 131.718681
