runnum, segnum, evtnum, avex, avey, avez, aveE
19, 19, 7254, 11.618801, -13.788327, 48.368328, 127.042928
