runnum, segnum, evtnum, avex, avey, avez, aveE
4, 4, 4732, -7.395292, 13.506712, 7.703826, 131.318293
