runnum, segnum, evtnum, avex, avey, avez, aveE
2, 2, 4732, -8.605938, -13.096798, 8.066425, 131.357212
