runnum, segnum, evtnum, avex, avey, avez, aveE
3, 3, 4732, -15.094752, 0.152238, 7.637257, 130.948287
