runnum, segnum, evtnum, avex, avey, avez, aveE
21, 21, 7020, -18.164085, 1.400499, 48.663542, 127.471348
