runnum, segnum, evtnum, avex, avey, avez, aveE
23, 23, 7488, 10.805678, 15.055191, 48.371593, 131.807285
