runnum, segnum, evtnum, avex, avey, avez, aveE
28, 28, 9438, -8.659970, 16.123010, 67.177546, 131.687833
