runnum, segnum, evtnum, avex, avey, avez, aveE
30, 30, 6435, 20.139571, -1.060337, 81.728378, 131.847689
