runnum, segnum, evtnum, avex, avey, avez, aveE
11, 11, 4212, 11.714315, 12.529410, 18.463614, 127.489539
