runnum, segnum, evtnum, avex, avey, avez, aveE
13, 13, 6032, 10.538647, -13.811368, 32.471076, 131.662896
