runnum, segnum, evtnum, avex, avey, avez, aveE
18, 18, 7722, 19.103951, 0.638184, 47.628260, 127.393288
