runnum, segnum, evtnum, avex, avey, avez, aveE
13, 13, 6032, 10.411618, -13.533916, 32.542311, 127.846400
