runnum, segnum, evtnum, avex, avey, avez, aveE
111, 15, 3, -27.616676, -4.053658, 27.702448, 26.255194
111, 15, 3, -27.644489, -4.044918, 27.754408, 26.266817
