runnum, segnum, evtnum, avex, avey, avez, aveE
33, 33, 6435, -20.710611, 1.263025, 82.083608, 105.044573
