runnum, segnum, evtnum, avex, avey, avez, aveE
26, 26, 9724, -10.821233, -15.921863, 66.514248, 105.110781
