runnum, segnum, evtnum, avex, avey, avez, aveE
4, 4, 4732, -5.241752, 13.692505, 6.848024, 104.126810
