runnum, segnum, evtnum, avex, avey, avez, aveE
6, 6, 4147, 18.926046, 0.214144, 18.636914, 105.160703
