runnum, segnum, evtnum, avex, avey, avez, aveE
20, 20, 7020, -10.447647, -14.894952, 47.963975, 105.065463
