runnum, segnum, evtnum, avex, avey, avez, aveE
1, 15, 10000, -18.188145, 0.910116, 31.740365, 101.123898
