runnum, segnum, evtnum, avex, avey, avez, aveE
14, 14, 5824, -9.499202, -14.342642, 32.084869, 104.977199
