runnum, segnum, evtnum, avex, avey, avez, aveE
8, 8, 4056, -9.380552, -13.677862, 18.240280, 105.043772
