runnum, segnum, evtnum, avex, avey, avez, aveE
27, 27, 9438, -20.110631, 1.080199, 66.611980, 104.894321
