runnum, segnum, evtnum, avex, avey, avez, aveE
7, 7, 4212, 10.516647, -13.991713, 18.439840, 105.077267
