runnum, segnum, evtnum, avex, avey, avez, aveE
13, 13, 6032, 10.885560, -15.024704, 32.275627, 104.916018
