runnum, segnum, evtnum, avex, avey, avez, aveE
35, 35, 6435, 11.458145, 16.428780, 81.642382, 105.031822
