runnum, segnum, evtnum, avex, avey, avez, aveE
4, 15, 10000, -18.066557, 1.271673, 31.736892, 97.224836
