runnum, segnum, evtnum, avex, avey, avez, aveE
5, 5, 5460, 11.908382, 19.485311, 13.046414, 104.312111
