runnum, segnum, evtnum, avex, avey, avez, aveE
28, 28, 9438, -9.616406, 16.648598, 67.027186, 105.042248
