runnum, segnum, evtnum, avex, avey, avez, aveE
19, 19, 7254, 11.556886, -15.498549, 48.366325, 104.741984
