runnum, segnum, evtnum, avex, avey, avez, aveE
22, 22, 7020, -9.596146, 15.411136, 48.131028, 105.058738
