runnum, segnum, evtnum, avex, avey, avez, aveE
15, 15, 5967, -18.044579, 0.967985, 31.732931, 104.987824
