runnum, segnum, evtnum, avex, avey, avez, aveE
23, 23, 7488, 11.730213, 15.002333, 48.133574, 104.666814
