runnum, segnum, evtnum, avex, avey, avez, aveE
21, 21, 7020, -23.932322, -4.381551, 50.388102, 104.618710
