runnum, segnum, evtnum, avex, avey, avez, aveE
9, 9, 3900, -17.367848, 1.136154, 17.804567, 104.264375
