runnum, segnum, evtnum, avex, avey, avez, aveE
10, 10, 3900, -8.209829, 14.014383, 18.502399, 105.076720
