runnum, segnum, evtnum, avex, avey, avez, aveE
9, 15, 10000, -18.015866, 1.134625, 31.735591, 101.398173
