runnum, segnum, evtnum, avex, avey, avez, aveE
34, 34, 6006, -10.837333, 17.006227, 81.482390, 105.130414
