runnum, segnum, evtnum, avex, avey, avez, aveE
16, 16, 5967, -8.656792, 14.753973, 32.036479, 104.912279
