runnum, segnum, evtnum, avex, avey, avez, aveE
3, 3, 4732, -15.968468, 0.779580, 7.172333, 105.029697
