runnum, segnum, evtnum, avex, avey, avez, aveE
6, 15, 10000, -18.012759, 1.447030, 31.728990, 97.366962
