runnum, segnum, evtnum, avex, avey, avez, aveE
31, 31, 6435, 10.872138, -16.889372, 81.331007, 105.087346
