runnum, segnum, evtnum, avex, avey, avez, aveE
2, 15, 10000, -18.272342, 0.926249, 31.700003, 85.985772
