runnum, segnum, evtnum, avex, avey, avez, aveE
12, 12, 6240, 19.720610, 0.045903, 32.321408, 104.910464
