runnum, segnum, evtnum, avex, avey, avez, aveE
25, 25, 9724, 11.597532, -15.575746, 66.455857, 104.963265
