runnum, segnum, evtnum, avex, avey, avez, aveE
17, 17, 6409, 11.562854, 14.348308, 31.881518, 104.983139
