runnum, segnum, evtnum, avex, avey, avez, aveE
1, 1, 5265, 8.846690, -13.730305, 7.507304, 104.642694
