runnum, segnum, evtnum, avex, avey, avez, aveE
18, 18, 7722, 19.946645, 0.833557, 47.609585, 105.270368
