runnum, segnum, evtnum, avex, avey, avez, aveE
24, 24, 10010, 20.297142, -0.912984, 65.975318, 104.705537
