runnum, segnum, evtnum, avex, avey, avez, aveE
11, 11, 4212, 11.504460, 13.456810, 18.318156, 105.079847
