runnum, segnum, evtnum, avex, avey, avez, aveE
32, 32, 6240, -11.591130, -16.113264, 81.606718, 104.644841
