runnum, segnum, evtnum, avex, avey, avez, aveE
30, 30, 6435, 20.613091, -0.887642, 81.977222, 104.959759
