runnum, segnum, evtnum, avex, avey, avez, aveE
2, 2, 4732, -8.738492, -13.155673, 7.191622, 104.863390
