runnum, segnum, evtnum, avex, avey, avez, aveE
8, 15, 10000, -18.171307, 1.030927, 31.702218, 86.163797
