runnum, segnum, evtnum, avex, avey, avez, aveE
29, 29, 9724, 12.572137, 15.197086, 66.080546, 104.837484
