runnum, segnum, evtnum, avex, avey, avez, aveE
0, 0, 5655, 18.200747, -0.261029, 7.655357, 104.456682
