runnum, segnum, evtnum, avex, avey, avez, aveE
12, 12, 6240, 19.702311, -0.111604, 32.321175, 131.292923
