runnum, segnum, evtnum, avex, avey, avez, aveE
10, 10, 3900, -8.325400, 14.004194, 18.500648, 131.291231
