runnum, segnum, evtnum, avex, avey, avez, aveE
6, 6, 4147, 18.967981, 0.145422, 18.592463, 131.346441
