runnum, segnum, evtnum, avex, avey, avez, aveE
13, 13, 6032, 10.882459, -15.060225, 32.311493, 131.289868
