runnum, segnum, evtnum, avex, avey, avez, aveE
1, 1, 5265, 9.377181, -14.591158, 7.623199, 131.096661
