runnum, segnum, evtnum, avex, avey, avez, aveE
28, 28, 9438, -9.597605, 16.646374, 67.016060, 131.369527
