runnum, segnum, evtnum, avex, avey, avez, aveE
19, 19, 7254, 11.946732, -14.960087, 48.269861, 131.348086
