runnum, segnum, evtnum, avex, avey, avez, aveE
3, 3, 4732, -16.306427, 0.701546, 7.069021, 131.161174
