runnum, segnum, evtnum, avex, avey, avez, aveE
2, 2, 4732, -8.980905, -13.757190, 7.249276, 131.347123
