runnum, segnum, evtnum, avex, avey, avez, aveE
34, 34, 6006, -10.849072, 17.026685, 81.521228, 131.333791
