runnum, segnum, evtnum, avex, avey, avez, aveE
32, 32, 6240, -11.617207, -16.097840, 81.662764, 131.356190
