runnum, segnum, evtnum, avex, avey, avez, aveE
30, 30, 6435, 20.584243, -0.783237, 81.947699, 131.332006
