runnum, segnum, evtnum, avex, avey, avez, aveE
35, 35, 6435, 11.437337, 16.432718, 81.645413, 131.355877
