runnum, segnum, evtnum, avex, avey, avez, aveE
17, 17, 6409, 11.613000, 14.339606, 31.887198, 131.352400
