runnum, segnum, evtnum, avex, avey, avez, aveE
25, 25, 9724, 11.348827, -15.902243, 66.505261, 131.371228
