runnum, segnum, evtnum, avex, avey, avez, aveE
26, 26, 9724, -10.830644, -15.924591, 66.507699, 131.350327
