runnum, segnum, evtnum, avex, avey, avez, aveE
24, 24, 10010, 20.290926, -0.910538, 66.151810, 131.361901
