runnum, segnum, evtnum, avex, avey, avez, aveE
22, 22, 7020, -9.557581, 15.453945, 48.133738, 131.326596
