runnum, segnum, evtnum, avex, avey, avez, aveE
4, 4, 4732, -7.689704, 14.188964, 6.950564, 131.249641
