runnum, segnum, evtnum, avex, avey, avez, aveE
16, 16, 5967, -8.645626, 14.745658, 32.074973, 131.283309
