runnum, segnum, evtnum, avex, avey, avez, aveE
31, 31, 6435, 10.888422, -16.881392, 81.332809, 131.314319
