runnum, segnum, evtnum, avex, avey, avez, aveE
18, 18, 7722, 19.983740, 0.762106, 47.616259, 131.353400
