runnum, segnum, evtnum, avex, avey, avez, aveE
23, 23, 7488, 11.836618, 15.126781, 48.267591, 131.355077
