runnum, segnum, evtnum, avex, avey, avez, aveE
11, 11, 4212, 11.519605, 13.475804, 18.318121, 131.267171
