runnum, segnum, evtnum, avex, avey, avez, aveE
27, 27, 9438, -20.153469, 1.052785, 66.702468, 131.352044
