runnum, segnum, evtnum, avex, avey, avez, aveE
14, 14, 5824, -9.492277, -14.337132, 32.082891, 131.306768
