runnum, segnum, evtnum, avex, avey, avez, aveE
21, 21, 7020, -19.283642, 1.469272, 48.428237, 131.283237
