runnum, segnum, evtnum, avex, avey, avez, aveE
20, 20, 7020, -10.451120, -14.904919, 47.957340, 131.345347
