runnum, segnum, evtnum, avex, avey, avez, aveE
29, 29, 9724, 12.126170, 15.560595, 66.226052, 131.368953
