runnum, segnum, evtnum, avex, avey, avez, aveE
5, 5, 5460, 10.213298, 13.998344, 7.758575, 131.370921
