runnum, segnum, evtnum, avex, avey, avez, aveE
15, 15, 5967, -18.032238, 1.009201, 31.731225, 131.354776
