runnum, segnum, evtnum, avex, avey, avez, aveE
8, 8, 4056, -9.406651, -13.675077, 18.232264, 131.279614
