runnum, segnum, evtnum, avex, avey, avez, aveE
33, 33, 6435, -20.699578, 1.252808, 82.086155, 131.321204
