runnum, segnum, evtnum, avex, avey, avez, aveE
9, 9, 3900, -17.302166, 0.701578, 17.978811, 131.275471
