runnum, segnum, evtnum, avex, avey, avez, aveE
7, 7, 4212, 10.648770, -14.190593, 18.481463, 131.327611
