runnum, segnum, evtnum, avex, avey, avez, aveE
0, 0, 5655, 17.914848, -0.191163, 7.929829, 131.046432
